{
  "patient": "patient01",
  "registration": {
    "final_metric": -0.14921279669726042,
    "iterations": 51
  },
  "suv": {
    "suv_max": 14.231698989868164,
    "suv_mean": 0.08518706262111664,
    "suv_min": 4.818000859385663e-11,
    "suv_std": 0.3753342926502228,
    "suv_median": 0.0013233260251581669,
    "volume_ml": 105220.67365713492,
    "total_lesion_glycolysis": 8963.44140625,
    "suv_peak": 14.231698989868164
  },
  "segmentation": {
    "method": "percent_max",
    "parameters": {
      "percentage": 0.4,
      "min_threshold": 2.5
    },
    "num_lesions": 3,
    "total_volume_ml": 124.86762831678064,
    "lesions": [
      {
        "volume_ml": 0.5317677646267519,
        "centroid": [
          49.218645095825195,
          132.6171112060547,
          -518.59912109375
        ]
      },
      {
        "volume_ml": 0.9168409734943999,
        "centroid": [
          -39.32956287066139,
          141.04810372988385,
          -516.157529296875
        ]
      },
      {
        "volume_ml": 123.41901957865949,
        "centroid": [
          60.951734227867746,
          73.43125118421489,
          -429.4634181897727
        ]
      }
    ]
  }
}